Carte,Edition,Play-in,Prix,Image_URL
Kodama de l'Arbre de l'Ouest,Kamigawa : la dynastie Néon,https://www.play-in.com/magic/carte/44755-kodama_de_larbre_de_louest,"16,00 €",https://www.play-in.com/images/cartes/mtg_neo/imported_kodama_of_the_west_tree92607.png
Vigueur Primordiale,Les friches d'Eldraine : Enchanting Tales,https://www.play-in.com/magic/carte/18126-1154-vigueur_primordiale,"6,50 €",https://www.play-in.com/images/cartes/mtg_wot/imported_primal_vigor118869.png
"Chishiro, la Lame Brisée",Commander Kamigawa : la dynastie Néon,https://www.play-in.com/magic/carte/45207-chishiro_la_lame_brisee,"1,00 €",https://www.play-in.com/images/cartes/mtg_nec/imported_chishiro_the_shattered_blade93275.png
"Halana et Alena, partenaires",Innistrad : Noce Écarlate,https://www.play-in.com/magic/carte/44154-halana_et_alena_partenaires,"2,00 €",https://www.play-in.com/images/cartes/mtg_vow/imported_halana_and_alena_partners89827.png
"Grumgully, le généreux",Le Trône d'Eldraine,https://www.play-in.com/magic/carte/26960-grumgully_le_genereux,"0,35 €",https://www.play-in.com/images/cartes/throne_of_eldraine/grumgully_the_generous.png
Écailles renforcées,Les friches d'Eldraine : Enchanting Tales,https://www.play-in.com/magic/carte/18783-1154-Ecailles_renforcees,"3,00 €",https://www.play-in.com/images/cartes/mtg_wot/imported_hardened_scales118056.png
Saison de dédoublement,Les friches d'Eldraine : Enchanting Tales,https://www.play-in.com/magic/carte/6570-1154-saison_de_dedoublement,"35,00 €",https://www.play-in.com/images/cartes/mtg_wot/imported_doubling_season117599.png
Rythme de la forêt,L'allégeance de Ravnica,https://www.play-in.com/magic/carte/25278-rythme_de_la_foret,"4,50 €",https://www.play-in.com/images/cartes/ravnica_allegiance/rhythm_of_the_wild.png
Habitant de l'allée du Lierre,Insurrection,https://www.play-in.com/magic/carte/17573-habitant_de_lallee_du_lierre,"0,50 €",https://www.play-in.com/images/cartes/gatecrash/ivy_lane_denizen.jpg
